entry_time,exit_time,direction,entry,exit,sl,tp,lot,entry_rsi,entry_atr,spread,exit_reason,gross_pnl,commission,net_pnl,balance,session_hour,trading_day
2024-01-23 15:59:00+05:30,2024-01-23 16:02:00+05:30,BUY,2029.05,2031.3375653216922,2026.7624346783077,2031.3375653216922,5.0,32.984470556779364,1.1437826608461465,0.19,TP,11.437826608461137,0.0,11.437826608461137,25011.43782660846,15,2024-01-23
2024-03-27 20:24:00+05:30,2024-03-27 20:34:00+05:30,BUY,2188.64,2186.4758434266464,2186.4758434266464,2190.8041565733533,5.0,24.25939615347822,1.0820782866766994,0.11,SL,-10.820782866767331,0.0,-10.820782866767331,25000.617043741695,20,2024-03-27
2024-04-23 16:55:00+05:30,2024-04-23 16:57:00+05:30,SELL,2307.74,2309.8151160430743,2309.8151160430743,2305.664883956925,5.0,66.58175357906582,1.0375580215371842,0.13,SL,-10.375580215372793,0.0,-10.375580215372793,24990.241463526323,16,2024-04-23
2024-11-12 19:19:00+05:30,2024-11-12 19:48:00+05:30,SELL,2597.43,2594.8657818365264,2599.9942181634733,2594.8657818365264,5.0,68.99818233123293,1.282109081736834,0.15,TP,12.821090817367349,0.0,12.821090817367349,25003.06255434369,19,2024-11-12
2024-11-14 16:08:00+05:30,2024-11-14 16:13:00+05:30,SELL,2558.51,2556.513008521492,2560.5069914785086,2556.513008521492,5.0,70.1559680266653,0.9984957392541406,0.14,TP,9.984957392541673,0.0,9.984957392541673,25013.047511736233,16,2024-11-14
2025-03-04 18:36:00+05:30,2025-03-04 18:38:00+05:30,BUY,2914.37,2916.701934446924,2912.0380655530757,2916.701934446924,5.0,31.292986308610388,1.165967223462028,0.1,TP,11.659672234620757,0.0,11.659672234620757,25024.707183970855,18,2025-03-04
2025-03-06 19:09:00+05:30,2025-03-06 19:25:00+05:30,SELL,2903.27,2901.0844995661755,2905.4555004338245,2901.0844995661755,5.0,72.59927705018944,1.0927502169122998,0.14,TP,10.927502169122363,0.0,10.927502169122363,25035.634686139976,19,2025-03-06
2025-03-10 20:28:00+05:30,2025-03-10 20:37:00+05:30,SELL,2903.88,2906.327186967674,2906.327186967674,2901.432813032326,5.0,69.3601458982305,1.223593483836984,0.13,SL,-12.235934838370213,0.0,-12.235934838370213,25023.398751301607,20,2025-03-10
2025-03-18 18:04:00+05:30,2025-03-18 18:24:00+05:30,BUY,3021.1,3018.8142131845275,3018.8142131845275,3023.3857868154723,5.0,30.572016461834824,1.1428934077361905,0.08,SL,-11.4289340773621,0.0,-11.4289340773621,25011.969817224246,18,2025-03-18
2025-03-27 13:21:00+05:30,2025-03-27 13:31:00+05:30,BUY,3032.63,3034.6624357688343,3030.597564231166,3034.6624357688343,5.0,31.076345223685298,1.016217884417014,0.1,TP,10.16217884417074,0.0,10.16217884417074,25022.131996068416,13,2025-03-27
2025-03-28 16:22:00+05:30,2025-03-28 16:36:00+05:30,BUY,3079.22,3076.955623936606,3076.955623936606,3081.4843760633935,5.0,31.503689927982407,1.1321880316969248,0.08,SL,-11.321880316968418,0.0,-11.321880316968418,25010.810115751447,16,2025-03-28
2025-04-03 16:29:00+05:30,2025-04-03 17:18:00+05:30,SELL,3129.28,3126.075596766066,3132.4844032339342,3126.075596766066,5.0,68.40580009707121,1.6022016169670568,0.08,TP,16.022016169670223,0.0,16.022016169670223,25026.832131921117,16,2025-04-03
2025-04-09 18:47:00+05:30,2025-04-09 18:49:00+05:30,BUY,3042.41,3038.90333518045,3038.90333518045,3045.9166648195496,5.0,33.86515236930669,1.7533324097749674,0.08,SL,-17.533324097748846,0.0,-17.533324097748846,25009.29880782337,18,2025-04-09
2025-04-10 14:15:00+05:30,2025-04-10 14:24:00+05:30,BUY,3115.75,3120.0571242764763,3111.4428757235237,3120.0571242764763,5.0,24.934321550716792,2.1535621382382453,0.08,TP,21.535621382381578,0.0,21.535621382381578,25030.83442920575,14,2025-04-10
2025-04-21 12:48:00+05:30,2025-04-21 12:55:00+05:30,BUY,3372.07,3375.7863612123087,3368.3536387876916,3375.7863612123087,5.0,25.72775426587984,1.8581806061543646,0.1,TP,18.58180606154292,0.0,18.58180606154292,25049.416235267294,12,2025-04-21
2025-04-21 16:17:00+05:30,2025-04-21 16:19:00+05:30,BUY,3389.56,3386.6325858000328,3386.6325858000328,3392.487414199967,5.0,32.385345602856695,1.463707099983574,0.08,SL,-14.637070999835942,0.0,-14.637070999835942,25034.779164267457,16,2025-04-21
2025-04-30 13:24:00+05:30,2025-04-30 13:36:00+05:30,SELL,3307.81,3310.311031133667,3310.311031133667,3305.308968866333,5.0,68.25683556106223,1.2505155668333228,0.1,SL,-12.505155668334282,0.0,-12.505155668334282,25022.27400859912,13,2025-04-30
2025-05-01 19:13:00+05:30,2025-05-01 19:31:00+05:30,SELL,3222.73,3225.8655219982647,3225.8655219982647,3219.5944780017353,5.0,68.13503390169015,1.5677609991323942,0.08,SL,-15.677609991323607,0.0,-15.677609991323607,25006.5963986078,19,2025-05-01
2025-05-06 20:07:00+05:30,2025-05-06 20:21:00+05:30,BUY,3376.71,3380.4530477630565,3372.9669522369436,3380.4530477630565,5.0,32.31110740290069,1.8715238815281148,0.08,TP,18.71523881528219,0.0,18.71523881528219,25025.31163742308,20,2025-05-06
2025-05-08 16:10:00+05:30,2025-05-08 16:21:00+05:30,SELL,3347.07,3341.878769717909,3352.261230282091,3341.878769717909,5.0,72.69644130663853,2.595615141045581,0.08,TP,25.956151410455277,0.0,25.956151410455277,25051.26778883354,16,2025-05-08
2025-05-12 14:32:00+05:30,2025-05-12 14:55:00+05:30,SELL,3278.39,3274.9228986322764,3281.8571013677233,3274.9228986322764,5.0,67.98095462534931,1.7335506838617474,0.22,TP,17.33550683861722,0.0,17.33550683861722,25068.603295672154,14,2025-05-12
2025-05-20 20:51:00+05:30,2025-05-20 20:53:00+05:30,BUY,3235.62,3237.797108238101,3233.442891761899,3237.797108238101,5.0,33.60798810938935,1.0885541190506154,0.08,TP,10.885541190505137,0.0,10.885541190505137,25079.48883686266,20,2025-05-20
2025-05-22 20:22:00+05:30,2025-05-22 20:24:00+05:30,SELL,3303.19,3306.8573263058297,3306.8573263058297,3299.5226736941704,5.0,69.53502958724148,1.833663152914915,0.14,SL,-18.336631529148235,0.0,-18.336631529148235,25061.15220533351,20,2025-05-22
2025-05-23 16:34:00+05:30,2025-05-23 16:35:00+05:30,BUY,3326.38,3328.9886490543527,3323.7713509456476,3328.9886490543527,5.0,30.646584632570118,1.3043245271762112,0.13,TP,13.043245271762771,0.0,13.043245271762771,25074.19545060527,16,2025-05-23
2025-05-27 20:51:00+05:30,2025-05-27 20:55:00+05:30,SELL,3295.39,3297.5966657045037,3297.5966657045037,3293.183334295496,5.0,71.46187470080973,1.1033328522519477,0.08,SL,-11.033328522519241,0.0,-11.033328522519241,25063.16212208275,20,2025-05-27
2025-06-02 21:27:00+05:30,2025-06-02 21:32:00+05:30,BUY,3356.39,3353.440446207908,3353.440446207908,3359.339553792092,5.0,32.10563631409712,1.4747768960460408,0.08,SL,-14.747768960460235,0.0,-14.747768960460235,25048.41435312229,21,2025-06-02
2025-06-02 21:38:00+05:30,2025-06-02 21:58:00+05:30,BUY,3354.67,3357.919339688417,3351.420660311583,3357.919339688417,5.0,33.223285089373746,1.6246698442083751,0.07,TP,16.246698442084835,0.0,16.246698442084835,25064.661051564377,21,2025-06-02
2025-06-06 14:04:00+05:30,2025-06-06 14:13:00+05:30,BUY,3368.2,3365.660480443581,3365.660480443581,3370.7395195564186,5.0,27.513545180315408,1.2697597782094754,0.08,SL,-12.697597782093908,0.0,-12.697597782093908,25051.963453782282,14,2025-06-06
2025-06-10 20:30:00+05:30,2025-06-10 20:36:00+05:30,BUY,3333.9,3330.9616112480526,3330.9616112480526,3336.8383887519476,5.0,34.894353213076286,1.469194375973803,0.08,SL,-14.691943759737569,0.0,-14.691943759737569,25037.271510022543,20,2025-06-10
2025-06-12 12:42:00+05:30,2025-06-12 13:12:00+05:30,BUY,3371.11,3373.140754880051,3369.079245119949,3373.140754880051,5.0,39.406202088495746,1.0153774400254627,0.1,TP,10.153774400255315,0.0,10.153774400255315,25047.4252844228,12,2025-06-12
2025-06-18 19:08:00+05:30,2025-06-18 19:13:00+05:30,SELL,3381.91,3379.3228806524457,3384.497119347554,3379.3228806524457,5.0,69.16682442192909,1.2935596737771053,0.12,TP,12.935596737770538,0.0,12.935596737770538,25060.36088116057,19,2025-06-18
2025-06-20 15:38:00+05:30,2025-06-20 15:41:00+05:30,SELL,3350.74,3353.9001054860946,3353.9001054860946,3347.579894513905,5.0,71.54559587646565,1.5800527430475229,0.12,SL,-15.800527430474176,0.0,-15.800527430474176,25044.560353730096,15,2025-06-20
2025-07-09 20:40:00+05:30,2025-07-09 20:46:00+05:30,SELL,3290.17,3292.908990457877,3292.908990457877,3287.4310095421233,5.0,67.87316819808134,1.3694952289383628,0.1,SL,-13.694952289383764,0.0,-13.694952289383764,25030.86540144071,20,2025-07-09
2025-07-11 15:21:00+05:30,2025-07-11 15:25:00+05:30,BUY,3335.83,3332.985168146343,3332.985168146343,3338.674831853657,5.0,32.29024716323634,1.422415926828538,0.16,SL,-14.224159268285348,0.0,-14.224159268285348,25016.641242172427,15,2025-07-11
2025-07-17 15:27:00+05:30,2025-07-17 15:35:00+05:30,SELL,3335.15,3332.647501552904,3337.652498447096,3332.647501552904,5.0,70.24963776740186,1.251249223548109,0.1,TP,12.512492235480295,0.0,12.512492235480295,25029.153734407908,15,2025-07-17
2025-08-05 20:57:00+05:30,2025-08-05 21:00:00+05:30,SELL,3359.0,3361.77450257202,3361.77450257202,3356.22549742798,5.0,72.3581970517895,1.387251286010146,0.11,SL,-13.872512860100414,0.0,-13.872512860100414,25015.281221547808,20,2025-08-05
2025-08-08 13:30:00+05:30,2025-08-08 13:58:00+05:30,BUY,3394.39,3392.323017064353,3392.323017064353,3396.456982935647,5.0,28.079954830428587,1.0334914678234615,0.1,SL,-10.334914678235236,0.0,-10.334914678235236,25004.946306869573,13,2025-08-08
2025-08-18 14:09:00+05:30,2025-08-18 14:27:00+05:30,BUY,3348.12,3350.1884043522155,3346.0515956477843,3350.1884043522155,5.0,20.532686810770016,1.0342021761077023,0.12,TP,10.34202176107783,0.0,10.34202176107783,25015.28832863065,14,2025-08-18
2025-09-01 15:37:00+05:30,2025-09-01 15:46:00+05:30,BUY,3477.16,3473.957961651743,3473.957961651743,3480.3620383482566,5.0,27.892174013014436,1.6010191741284203,0.1,SL,-16.01019174128396,0.0,-16.01019174128396,24999.278136889367,15,2025-09-01
2025-09-10 14:10:00+05:30,2025-09-10 14:20:00+05:30,BUY,3641.19,3643.2700182134854,3639.1099817865147,3643.2700182134854,5.0,38.06087543307485,1.0400091067427784,0.12,TP,10.400091067426729,0.0,10.400091067426729,25009.678227956792,14,2025-09-10
2025-09-15 16:09:00+05:30,2025-09-15 16:21:00+05:30,SELL,3640.45,3642.5880085025824,3642.5880085025824,3638.3119914974172,5.0,71.79359371005415,1.0690042512912548,0.1,SL,-10.690042512912896,0.0,-10.690042512912896,24998.98818544388,16,2025-09-15
2025-09-16 16:09:00+05:30,2025-09-16 16:29:00+05:30,BUY,3688.35,3686.1175108975654,3686.1175108975654,3690.5824891024345,5.0,31.380225294768312,1.1162445512172365,0.1,SL,-11.16244551217278,0.0,-11.16244551217278,24987.825739931708,16,2025-09-16
2025-09-18 18:50:00+05:30,2025-09-18 18:52:00+05:30,BUY,3665.98,3668.1954629242487,3663.7645370757514,3668.1954629242487,5.0,27.207649270216944,1.1077314621242826,0.1,TP,11.077314621243204,0.0,11.077314621243204,24998.903054552953,18,2025-09-18
2025-10-15 12:58:00+05:30,2025-10-15 13:33:00+05:30,BUY,4176.35,4180.302978664,4172.397021336001,4180.302978664,5.0,27.62852489574261,1.9764893319999666,0.26,TP,19.76489331999801,0.0,19.76489331999801,25018.66794787295,12,2025-10-15
2025-10-16 12:11:00+05:30,2025-10-16 12:35:00+05:30,BUY,4231.63,4235.834975120464,4227.425024879536,4235.834975120464,5.0,34.1018234865583,2.102487560232049,0.26,TP,21.024875602320208,0.0,21.024875602320208,25039.69282347527,12,2025-10-16
2025-10-27 13:28:00+05:30,2025-10-27 13:41:00+05:30,SELL,4068.97,4073.4555175460137,4073.4555175460137,4064.484482453986,5.0,70.6740130641405,2.2427587730070333,0.34,SL,-22.427587730069263,0.0,-22.427587730069263,25017.265235745203,13,2025-10-27
2025-10-28 19:14:00+05:30,2025-10-28 19:22:00+05:30,SELL,3917.11,3923.8275985856185,3923.8275985856185,3910.3924014143818,5.0,64.92630459914606,3.358799292809189,0.32,SL,-33.58799292809181,0.0,-33.58799292809181,24983.67724281711,19,2025-10-28
2025-10-30 13:59:00+05:30,2025-10-30 14:10:00+05:30,BUY,3952.88,3960.2321633314773,3945.527836668523,3960.2321633314773,5.0,29.382960268557607,3.6760816657386486,0.26,TP,36.76081665738593,0.0,36.76081665738593,25020.438059474494,13,2025-10-30
2025-10-30 18:54:00+05:30,2025-10-30 19:04:00+05:30,BUY,3986.32,3981.072048843828,3981.072048843828,3991.5679511561725,5.0,29.41566675672449,2.6239755780860734,0.11,SL,-26.239755780861742,0.0,-26.239755780861742,24994.198303693633,18,2025-10-30
2025-10-31 13:20:00+05:30,2025-10-31 13:22:00+05:30,SELL,4005.18,4009.169148192802,4009.169148192802,4001.1908518071978,5.0,69.1711238929322,1.994574096401056,0.12,SL,-19.945740964010383,0.0,-19.945740964010383,24974.252562729624,13,2025-10-31
2025-11-05 13:22:00+05:30,2025-11-05 13:39:00+05:30,BUY,3964.82,3968.751818110606,3960.888181889394,3968.751818110606,5.0,30.814968047314988,1.9659090553029455,0.15,TP,19.659090553029728,0.0,19.659090553029728,24993.911653282652,13,2025-11-05
2025-11-12 13:57:00+05:30,2025-11-12 14:05:00+05:30,SELL,4113.18,4116.8285542943395,4116.8285542943395,4109.531445705661,5.0,66.78656264211172,1.824277147169806,0.15,SL,-18.24277147169596,0.0,-18.24277147169596,24975.668881810954,13,2025-11-12
2025-11-14 15:23:00+05:30,2025-11-14 15:39:00+05:30,SELL,4180.09,4175.348080170827,4184.831919829173,4175.348080170827,5.0,71.34608610124839,2.3709599145862006,0.15,TP,23.70959914586365,0.0,23.70959914586365,24999.378480956817,15,2025-11-14
2025-11-17 15:56:00+05:30,2025-11-17 16:05:00+05:30,BUY,4080.92,4076.468194718373,4076.468194718373,4085.371805281627,5.0,29.94536733469489,2.2259026408133975,0.15,SL,-22.259026408135014,0.0,-22.259026408135014,24977.119454548683,15,2025-11-17
2025-11-17 16:07:00+05:30,2025-11-17 16:18:00+05:30,BUY,4077.92,4073.3765611196277,4073.3765611196277,4082.4634388803725,5.0,30.521154192432494,2.2717194401861156,0.15,SL,-22.71719440186189,0.0,-22.71719440186189,24954.40226014682,16,2025-11-17
2025-11-17 19:08:00+05:30,2025-11-17 19:12:00+05:30,SELL,4077.48,4082.6442136703613,4082.6442136703613,4072.3157863296387,5.0,67.02593680293066,2.5821068351805287,0.12,SL,-25.82106835180639,0.0,-25.82106835180639,24928.581191795012,19,2025-11-17
2025-11-18 12:53:00+05:30,2025-11-18 12:58:00+05:30,SELL,4020.05,4015.6622308908923,4024.437769109108,4015.6622308908923,5.0,69.22830987245224,2.1938845545539434,0.14,TP,21.938845545539607,0.0,21.938845545539607,24950.520037340553,12,2025-11-18
2025-11-19 14:39:00+05:30,2025-11-19 15:04:00+05:30,BUY,4088.04,4091.2152213003933,4084.8647786996066,4091.2152213003933,5.0,30.273618270840224,1.5876106501967784,0.12,TP,15.87610650196666,0.0,15.87610650196666,24966.39614384252,14,2025-11-19
2025-11-27 12:05:00+05:30,2025-11-27 12:08:00+05:30,SELL,4152.27,4154.245945316742,4154.245945316742,4150.294054683259,5.0,74.94622084548753,0.9879726583707876,0.14,SL,-9.879726583708361,0.0,-9.879726583708361,24956.516417258812,12,2025-11-27
2025-12-01 16:14:00+05:30,2025-12-01 16:18:00+05:30,BUY,4242.71,4238.998907702641,4238.998907702641,4246.421092297359,5.0,30.5656246207958,1.8555461486792382,0.12,SL,-18.55546148679423,0.0,-18.55546148679423,24937.960955772018,16,2025-12-01
2025-12-01 16:19:00+05:30,2025-12-01 16:29:00+05:30,BUY,4240.19,4243.835891615776,4236.544108384223,4243.835891615776,5.0,26.761869475532965,1.8229458078879746,0.12,TP,18.22945807888118,0.0,18.22945807888118,24956.190413850898,16,2025-12-01
2025-12-02 14:53:00+05:30,2025-12-02 15:05:00+05:30,SELL,4218.03,4215.289786208345,4220.770213791655,4215.289786208345,5.0,76.44874830691823,1.3701068958276523,0.12,TP,13.701068958275755,0.0,13.701068958275755,24969.891482809173,14,2025-12-02
2025-12-02 19:10:00+05:30,2025-12-02 19:23:00+05:30,SELL,4198.49,4201.906326508957,4201.906326508957,4195.073673491042,5.0,68.68489897652256,1.7081632544786438,0.12,SL,-17.08163254478677,0.0,-17.08163254478677,24952.809850264384,19,2025-12-02
2025-12-09 14:07:00+05:30,2025-12-09 14:37:00+05:30,SELL,4182.43,4185.397398722045,4185.397398722045,4179.462601277955,5.0,68.2113703715981,1.4836993610223383,0.12,SL,-14.836993610224454,0.0,-14.836993610224454,24937.97285665416,14,2025-12-09
2025-12-15 12:07:00+05:30,2025-12-15 12:13:00+05:30,BUY,4324.13,4326.2799619289135,4321.980038071087,4326.2799619289135,5.0,30.383047844306162,1.074980964456663,0.14,TP,10.749809644566994,0.0,10.749809644566994,24948.722666298727,12,2025-12-15
2025-12-29 20:12:00+05:30,2025-12-29 20:30:00+05:30,SELL,4463.68,4459.986911285825,4467.3730887141755,4459.986911285825,5.0,75.7411174862947,1.84654435708763,0.12,TP,18.465443570876232,0.0,18.465443570876232,24967.188109869603,20,2025-12-29
2025-12-31 14:32:00+05:30,2025-12-31 14:53:00+05:30,SELL,4328.66,4334.877449795539,4334.877449795539,4322.4425502044605,5.0,73.53499287913912,3.1087248977694566,0.12,SL,-31.087248977696618,0.0,-31.087248977696618,24936.100860891907,14,2025-12-31
2026-01-05 13:16:00+05:30,2026-01-05 13:19:00+05:30,BUY,4402.98,4407.034972608989,4398.92502739101,4407.034972608989,5.0,31.72554773214719,2.0274863044947655,0.14,TP,20.27486304494687,0.0,20.27486304494687,24956.375723936853,13,2026-01-05
2026-01-07 15:11:00+05:30,2026-01-07 15:16:00+05:30,SELL,4458.86,4461.988969492489,4461.988969492489,4455.731030507511,5.0,71.02144667694948,1.5644847462446632,0.12,SL,-15.644847462444886,0.0,-15.644847462444886,24940.73087647441,15,2026-01-07
2026-01-15 15:11:00+05:30,2026-01-15 15:18:00+05:30,BUY,4604.26,4601.319252021727,4601.319252021727,4607.200747978273,5.0,31.29504320134202,1.4703739891364447,0.12,SL,-14.70373989136533,0.0,-14.70373989136533,24926.02713658304,15,2026-01-15
2026-01-15 21:58:00+05:30,2026-01-15 22:02:00+05:30,SELL,4604.64,4610.109287248445,4610.109287248445,4599.170712751556,5.0,67.20026898148774,2.7346436242221763,0.12,SL,-27.346436242223717,0.0,-27.346436242223717,24898.680700340818,21,2026-01-15
2026-01-16 18:24:00+05:30,2026-01-16 18:27:00+05:30,BUY,4604.98,4602.790023426931,4602.790023426931,4607.169976573068,5.0,33.187237543088564,1.0949882865343201,0.12,SL,-10.94988286534317,0.0,-10.94988286534317,24887.730817475473,18,2026-01-16
2026-01-19 14:44:00+05:30,2026-01-19 14:47:00+05:30,BUY,4669.73,4665.923871322342,4665.923871322342,4673.536128677657,5.0,31.230348221926736,1.9030643388286046,0.12,SL,-19.03064338828699,0.0,-19.03064338828699,24868.700174087186,14,2026-01-19
2026-01-19 14:49:00+05:30,2026-01-19 15:26:00+05:30,BUY,4666.32,4662.516792677319,4662.516792677319,4670.12320732268,5.0,23.644307878628236,1.9016036613402596,0.12,SL,-19.01603661340232,0.0,-19.01603661340232,24849.684137473785,14,2026-01-19
2026-01-21 14:17:00+05:30,2026-01-21 14:26:00+05:30,BUY,4858.77,4850.951734437873,4850.951734437873,4866.588265562128,5.0,23.331391329118215,3.9091327810637226,0.12,SL,-39.09132781063818,0.0,-39.09132781063818,24810.592809663147,14,2026-01-21
2026-01-26 16:21:00+05:30,2026-01-26 16:22:00+05:30,BUY,5089.26,5084.995018367473,5084.995018367473,5093.524981632528,5.0,31.26634067451112,2.1324908162638927,0.12,SL,-21.324908162637257,0.0,-21.324908162637257,24789.26790150051,16,2026-01-26
2026-01-26 16:25:00+05:30,2026-01-26 16:30:00+05:30,BUY,5082.87,5088.070453467478,5077.669546532522,5088.070453467478,5.0,26.27126908024484,2.600226733738856,0.12,TP,26.00226733738964,0.0,26.00226733738964,24815.2701688379,16,2026-01-26
2026-01-28 16:18:00+05:30,2026-01-28 16:24:00+05:30,BUY,5284.11,5292.821018709603,5275.3989812903965,5292.821018709603,5.0,30.584723299212772,4.355509354801514,0.12,TP,43.555093548015975,0.0,43.555093548015975,24858.825262385915,16,2026-01-28
2026-01-28 16:47:00+05:30,2026-01-28 16:48:00+05:30,BUY,5280.6,5273.335584733437,5273.335584733437,5287.864415266564,5.0,31.401567355717894,3.632207633281678,0.12,SL,-36.32207633281723,0.0,-36.32207633281723,24822.503186053098,16,2026-01-28
2026-02-13 19:35:00+05:30,2026-02-13 19:45:00+05:30,SELL,4957.76,4965.816914134042,4965.816914134042,4949.703085865958,5.0,70.20105329425913,4.028457067020993,0.2,SL,-40.28457067021009,0.0,-40.28457067021009,24782.218615382888,19,2026-02-13
2026-02-17 14:11:00+05:30,2026-02-17 14:17:00+05:30,SELL,4907.48,4899.448187099537,4915.511812900462,4899.448187099537,5.0,67.70728139809383,4.015906450231334,0.2,TP,40.15906450231341,0.0,40.15906450231341,24822.3776798852,14,2026-02-17
2026-02-20 14:56:00+05:30,2026-02-20 15:26:00+05:30,BUY,5013.39,5007.5874080519125,5007.5874080519125,5019.192591948088,5.0,32.52181037466523,2.90129597404408,0.2,SL,-29.012959740439328,0.0,-29.012959740439328,24793.36472014476,14,2026-02-20
2026-03-04 19:50:00+05:30,2026-03-04 19:57:00+05:30,BUY,5183.25,5176.085358477222,5176.085358477222,5190.414641522778,5.0,29.99810595577627,3.5823207613890204,0.28,SL,-35.82320761388928,0.0,-35.82320761388928,24757.541512530872,19,2026-03-04
2026-03-09 15:18:00+05:30,2026-03-09 15:23:00+05:30,BUY,5108.28,5100.199536559135,5100.199536559135,5116.360463440865,5.0,31.072604705399986,4.040231720432304,0.18,SL,-40.4023172043253,0.0,-40.4023172043253,24717.13919532655,15,2026-03-09
2026-03-20 13:35:00+05:30,2026-03-20 13:44:00+05:30,BUY,4712.17,4717.1738730217385,4707.166126978262,4717.1738730217385,5.0,30.87663886063056,2.5019365108689993,0.22,TP,25.019365108692,0.0,25.019365108692,24742.15856043524,13,2026-03-20
2026-03-30 12:40:00+05:30,2026-03-30 13:26:00+05:30,BUY,4490.4,4495.507199488567,4485.292800511433,4495.507199488567,5.0,26.096690177465394,2.5535997442832667,0.3,TP,25.53599744283474,0.0,25.53599744283474,24767.694557878076,12,2026-03-30
2026-04-01 20:40:00+05:30,2026-04-01 20:49:00+05:30,BUY,4743.09,4736.907722750645,4736.907722750645,4749.272277249355,5.0,32.56407829753321,3.0911386246777655,0.18,SL,-30.91138624677569,0.0,-30.91138624677569,24736.7831716313,20,2026-04-01
2026-04-02 15:43:00+05:30,2026-04-02 15:47:00+05:30,SELL,4614.72,4625.155439874325,4625.155439874325,4604.284560125676,5.0,67.59055178540984,5.217719937162183,0.18,SL,-52.17719937162201,0.0,-52.17719937162201,24684.60597225968,15,2026-04-02
2026-04-16 14:06:00+05:30,2026-04-16 14:25:00+05:30,BUY,4826.93,4823.6229732660695,4823.6229732660695,4830.237026733931,5.0,29.697081770539302,1.653513366965426,0.31,SL,-16.535133669653987,0.0,-16.535133669653987,24668.070838590025,14,2026-04-16
2026-04-23 13:34:00+05:30,2026-04-23 13:40:00+05:30,SELL,4706.93,4709.97280569236,4709.97280569236,4703.88719430764,5.0,65.06979831904903,1.5214028461798799,0.18,SL,-15.214028461800808,0.0,-15.214028461800808,24652.856810128225,13,2026-04-23
2026-04-27 13:41:00+05:30,2026-04-27 13:45:00+05:30,BUY,4719.93,4717.712657658288,4717.712657658288,4722.147342341713,5.0,28.99108659119124,1.1086711708562667,0.31,SL,-11.086711708562689,0.0,-11.086711708562689,24641.770098419664,13,2026-04-27
2026-04-29 18:48:00+05:30,2026-04-29 19:02:00+05:30,SELL,4571.69,4576.079226536745,4576.079226536745,4567.300773463254,5.0,71.71456726922085,2.194613268373083,0.28,SL,-21.946132683729047,0.0,-21.946132683729047,24619.823965735934,18,2026-04-29
2026-05-01 19:03:00+05:30,2026-05-01 19:04:00+05:30,SELL,4574.15,4571.228303575428,4577.071696424571,4571.228303575428,5.0,71.56481889507612,1.4608482122859208,0.28,TP,14.608482122857822,0.0,14.608482122857822,24634.43244785879,19,2026-05-01
2026-05-01 19:57:00+05:30,2026-05-01 20:00:00+05:30,SELL,4574.62,4571.066477312257,4578.173522687743,4571.066477312257,5.0,68.45376689493102,1.7767613438712646,0.29,TP,17.767613438713852,0.0,17.767613438713852,24652.200061297506,19,2026-05-01
2026-05-04 20:48:00+05:30,2026-05-04 20:49:00+05:30,SELL,4568.87,4573.963731833016,4573.963731833016,4563.776268166984,5.0,67.82896069459856,2.5468659165082768,0.29,SL,-25.46865916508068,0.0,-25.46865916508068,24626.731402132427,20,2026-05-04
2026-05-06 20:16:00+05:30,2026-05-06 20:27:00+05:30,BUY,4700.33,4693.913186568521,4693.913186568521,4706.746813431479,5.0,31.546724157766498,3.208406715739137,0.28,SL,-32.08406715739329,0.0,-32.08406715739329,24594.647334975034,20,2026-05-06
2026-05-13 12:05:00+05:30,2026-05-13 12:21:00+05:30,SELL,4703.69,4700.172898403931,4707.207101596068,4700.172898403931,5.0,71.52122467271965,1.7585507980342605,0.18,TP,17.58550798034321,0.0,17.58550798034321,24612.232842955378,12,2026-05-13
2026-05-13 18:28:00+05:30,2026-05-13 18:38:00+05:30,SELL,4699.11,4702.209837080993,4702.209837080993,4696.010162919007,5.0,68.15931172704087,1.5499185404964289,0.28,SL,-15.49918540496492,0.0,-15.49918540496492,24596.733657550412,18,2026-05-13
2026-05-15 18:44:00+05:30,2026-05-15 18:56:00+05:30,SELL,4560.91,4554.524898159937,4567.295101840063,4554.524898159937,5.0,73.26946395703307,3.192550920031604,0.18,TP,31.92550920031408,0.0,31.92550920031408,24628.659166750727,18,2026-05-15
2026-05-26 12:06:00+05:30,2026-05-26 12:13:00+05:30,SELL,4543.84,4541.46569514118,4546.2143048588205,4541.46569514118,5.0,68.33781092095388,1.1871524294103013,0.18,TP,11.871524294101619,0.0,11.871524294101619,24640.530691044827,12,2026-05-26
2026-05-28 14:02:00+05:30,2026-05-28 14:03:00+05:30,SELL,4381.77,4386.80636641234,4386.80636641234,4376.733633587661,5.0,66.47085410447943,2.518183206169674,0.18,SL,-25.181832061698515,0.0,-25.181832061698515,24615.34885898313,14,2026-05-28
2026-05-28 14:08:00+05:30,2026-05-28 14:10:00+05:30,SELL,4387.68,4392.673823896503,4392.673823896503,4382.686176103498,5.0,75.44434865722285,2.496911948251338,0.22,SL,-24.969119482511815,0.0,-24.969119482511815,24590.37973950062,14,2026-05-28
2026-06-01 13:51:00+05:30,2026-06-01 14:02:00+05:30,SELL,4521.24,4518.527758663389,4523.95224133661,4518.527758663389,5.0,68.56461446299203,1.3561206683051752,0.18,TP,13.56120668305266,0.0,13.56120668305266,24603.94094618367,13,2026-06-01
2026-06-04 13:58:00+05:30,2026-06-04 14:02:00+05:30,BUY,4472.29,4475.339341482782,4469.2406585172175,4475.339341482782,5.0,32.53115797195303,1.524670741391198,0.18,TP,15.24670741391219,0.0,15.24670741391219,24619.187653597583,13,2026-06-04
2026-06-16 19:41:00+05:30,2026-06-16 20:02:00+05:30,BUY,4341.1,4338.415837986206,4338.415837986206,4343.784162013795,5.0,27.094324123194138,1.3420810068973636,0.18,SL,-13.420810068973879,0.0,-13.420810068973879,24605.76684352861,19,2026-06-16
2026-06-18 20:45:00+05:30,2026-06-18 20:50:00+05:30,SELL,4256.36,4261.991232617028,4261.991232617028,4250.7287673829715,5.0,75.62770233063718,2.815616308514278,0.18,SL,-28.15616308514109,0.0,-28.15616308514109,24577.610680443468,20,2026-06-18
2026-06-18 20:55:00+05:30,2026-06-18 20:57:00+05:30,SELL,4263.28,4256.314129622687,4270.245870377313,4256.314129622687,5.0,68.27815774426378,3.4829351886562603,0.18,TP,34.82935188656484,0.0,34.82935188656484,24612.440032330032,20,2026-06-18
2026-06-22 19:19:00+05:30,2026-06-22 19:24:00+05:30,BUY,4205.45,4207.999126543921,4202.900873456078,4207.999126543921,5.0,30.057980600383377,1.274563271960522,0.18,TP,12.745632719606874,0.0,12.745632719606874,24625.18566504964,19,2026-06-22
2026-06-30 16:44:00+05:30,2026-06-30 17:08:00+05:30,BUY,4023.89,4019.406795328853,4019.406795328853,4028.3732046711466,5.0,30.896678154349043,2.241602335573466,0.18,SL,-22.416023355733614,0.0,-22.416023355733614,24602.769641693907,16,2026-06-30
2026-07-06 18:56:00+05:30,2026-07-06 19:03:00+05:30,SELL,4149.99,4152.3468677176625,4152.3468677176625,4147.633132282337,5.0,68.99397314220678,1.178433858831485,0.18,SL,-11.784338588313403,0.0,-11.784338588313403,24590.985303105594,18,2026-07-06
2026-07-08 20:18:00+05:30,2026-07-08 20:20:00+05:30,SELL,4068.17,4060.5677250162503,4075.77227498375,4060.5677250162503,5.0,75.0698537700539,3.8011374918748775,0.18,TP,38.01137491874897,0.0,38.01137491874897,24628.99667802434,20,2026-07-08
2026-07-16 18:03:00+05:30,2026-07-16 18:24:00+05:30,BUY,4032.79,4035.341242524699,4030.238757475301,4035.341242524699,5.0,38.09572316805733,1.2756212623494134,0.18,TP,12.75621262349432,0.0,12.75621262349432,24641.752890647836,18,2026-07-16
2026-07-17 12:28:00+05:30,2026-07-17 12:39:00+05:30,BUY,3991.42,3988.081452272479,3988.081452272479,3994.758547727521,5.0,33.11415071782409,1.6692738637604192,0.18,SL,-16.69273863760509,0.0,-16.69273863760509,24625.060152010232,12,2026-07-17
2026-08-03 20:14:00+05:30,2026-08-03 20:19:00+05:30,SELL,4054.05,4056.7245214663126,4056.7245214663126,4051.375478533688,5.0,70.54613391149128,1.3372607331562323,0.28,SL,-13.372607331561994,0.0,-13.372607331561994,24611.68754467867,20,2026-08-03
2026-08-04 13:44:00+05:30,2026-08-04 13:48:00+05:30,BUY,4057.91,4060.2157336365385,4055.604266363461,4060.2157336365385,5.0,25.900426177625558,1.152866818269253,0.31,TP,11.528668182693309,0.0,11.528668182693309,24623.216212861364,13,2026-08-04
2026-08-04 21:37:00+05:30,2026-08-04 21:50:00+05:30,BUY,4063.59,4068.4781757796623,4058.701824220338,4068.4781757796623,5.0,27.402333150890005,2.44408788983112,0.15,TP,24.44087889831053,0.0,24.44087889831053,24647.657091759673,21,2026-08-04
2026-08-12 12:47:00+05:30,2026-08-12 12:59:00+05:30,BUY,4396.53,4398.843913049033,4394.216086950966,4398.843913049033,5.0,27.614103168558724,1.1569565245168876,0.16,TP,11.569565245167723,0.0,11.569565245167723,24659.22665700484,12,2026-08-12
2026-08-14 12:06:00+05:30,2026-08-14 12:23:00+05:30,SELL,4327.2,4324.60962974574,4329.79037025426,4324.60962974574,5.0,69.25658891369369,1.2951851271299009,0.16,TP,12.951851271300256,0.0,12.951851271300256,24672.17850827614,12,2026-08-14
2026-08-14 19:04:00+05:30,2026-08-14 19:14:00+05:30,BUY,4349.26,4351.521861329373,4346.998138670628,4351.521861329373,5.0,29.648927902408516,1.1309306646863682,0.15,TP,11.309306646862751,0.0,11.309306646862751,24683.487814923006,19,2026-08-14
2026-08-17 16:38:00+05:30,2026-08-17 16:42:00+05:30,BUY,4399.11,4402.284535211073,4395.935464788927,4402.284535211073,5.0,32.091526153739224,1.587267605536236,0.15,TP,15.872676055364536,0.0,15.872676055364536,24699.36049097837,16,2026-08-17
2026-08-20 14:37:00+05:30,2026-08-20 14:45:00+05:30,SELL,4489.66,4493.567039456026,4493.567039456026,4485.752960543974,5.0,73.55245684359681,1.953519728012841,0.15,SL,-19.53519728012907,0.0,-19.53519728012907,24679.825293698243,14,2026-08-20
2026-08-20 21:23:00+05:30,2026-08-20 21:30:00+05:30,SELL,4473.17,4478.961264885033,4478.961264885033,4467.378735114967,5.0,67.91411738228688,2.8956324425164754,0.15,SL,-28.956324425166713,0.0,-28.956324425166713,24650.868969273077,21,2026-08-20
2026-08-21 13:49:00+05:30,2026-08-21 13:59:00+05:30,BUY,4533.86,4530.557806351962,4530.557806351962,4537.162193648037,5.0,32.574270045172376,1.6510968240185542,0.17,SL,-16.51096824018623,0.0,-16.51096824018623,24634.35800103289,13,2026-08-21
2026-08-25 13:39:00+05:30,2026-08-25 13:45:00+05:30,SELL,4635.64,4640.033856237057,4640.033856237057,4631.246143762944,5.0,70.88156057227665,2.1969281185281666,0.16,SL,-21.969281185283762,0.0,-21.969281185283762,24612.388719847608,13,2026-08-25
2026-08-27 12:18:00+05:30,2026-08-27 12:23:00+05:30,BUY,4628.44,4625.884787427114,4625.884787427114,4630.995212572885,5.0,28.741694328165423,1.2776062864428532,0.16,SL,-12.776062864427331,0.0,-12.776062864427331,24599.61265698318,12,2026-08-27
2026-08-27 12:24:00+05:30,2026-08-27 12:49:00+05:30,BUY,4626.33,4624.033833391099,4624.033833391099,4628.626166608901,5.0,23.801519877886264,1.1480833044505048,0.16,SL,-11.480833044506653,0.0,-11.480833044506653,24588.131823938675,12,2026-08-27
2026-09-01 18:45:00+05:30,2026-09-01 18:47:00+05:30,SELL,4378.3,4383.336083647716,4383.336083647716,4373.2639163522845,5.0,64.98729545803813,2.5180418238579207,0.15,SL,-25.180418238578568,0.0,-25.180418238578568,24562.951405700096,18,2026-09-01
2026-09-03 13:48:00+05:30,2026-09-03 13:51:00+05:30,BUY,4428.76,4425.617393273715,4425.617393273715,4431.902606726286,5.0,29.09105482980341,1.571303363142737,0.16,SL,-15.713033631427606,0.0,-15.713033631427606,24547.23837206867,13,2026-09-03
